cust_id,transaction_date,revenue
13130,2020-07-10,2072
13130,2020-07-13,4032
13130,2020-07-17,145
13130,2020-08-06,12
13130,2020-08-21,4400
13130,2020-09-09,1079
13130,2020-09-17,1050
13130,2020-09-30,105
13130,2020-10-05,422
13130,2020-10-19,3673
13130,2020-11-06,1378
13130,2020-11-20,1248
13130,2020-12-04,633
13130,2021-01-15,20
13130,2021-01-22,2008
13130,2021-01-29,449
13130,2021-03-08,4559
13130,2021-03-31,845
13130,2021-04-15,1069
13130,2021-04-19,269
13130,2021-04-30,3558
13130,2021-05-17,232
13130,2021-06-16,2129
13130,2021-06-30,1606
10290,2020-08-18,105
10290,2020-08-28,162
10290,2020-09-09,295
10290,2020-09-18,431
10290,2020-09-29,12
10290,2020-10-09,223
10290,2020-11-20,247
10290,2020-11-25,124
10290,2021-02-08,367
10290,2021-03-24,622
10290,2021-06-24,784
10290,2021-06-30,272
22840,2020-07-03,169
22840,2020-07-31,169
22840,2020-08-31,9
22840,2020-09-11,329
22840,2020-09-24,1858
22840,2020-11-06,35
22840,2020-12-14,379
22840,2021-03-19,4933
22840,2021-04-19,516
22840,2021-04-30,78
22840,2021-06-22,1586
27143,2020-09-03,833
27143,2020-09-11,1109
27143,2020-11-24,686
27143,2020-11-30,326
27143,2020-12-14,1222
27143,2021-03-19,181
27143,2021-05-31,1560
27143,2021-06-04,3904
27143,2021-06-17,1861
27143,2021-06-21,595
11610,2020-07-03,230
11610,2020-09-09,449
11610,2020-09-17,250
11610,2020-10-07,47
11610,2020-10-19,237
11610,2020-10-27,189
11610,2020-12-14,299
11610,2020-12-22,122
11610,2021-02-02,346
11610,2021-03-19,380
11610,2021-04-30,277
11610,2021-06-16,579
11610,2021-06-24,622
11610,2021-06-30,259
20880,2020-07-21,140
20880,2020-08-06,677
20880,2020-09-17,616
20880,2020-10-15,743
20880,2020-11-06,121
20880,2020-12-10,1493
20880,2021-02-02,935
20880,2021-02-08,339
20880,2021-02-26,506
20880,2021-03-17,1908
20880,2021-03-26,156
20880,2021-03-30,8
20880,2021-04-09,424
20880,2021-04-19,1072
20880,2021-04-27,733
20880,2021-05-10,9
20880,2021-05-19,631
20880,2021-05-21,30
20880,2021-06-08,717
20880,2021-06-20,1578
20880,2021-06-21,340
20880,2021-06-29,614
20880,2021-07-14,489
24130,2020-08-04,922
24130,2020-08-31,273
24130,2020-09-15,146
24130,2020-09-30,422
24130,2020-11-16,448
24130,2020-11-20,166
24130,2020-12-04,515
24130,2021-02-12,534
24130,2021-05-05,614
24130,2021-06-15,560
24130,2021-07-08,47
26443,2020-07-31,461
26443,2020-08-25,1754
26443,2020-08-26,172
26443,2020-08-31,110
26443,2020-09-23,20
26443,2020-09-30,1548
26443,2020-10-07,277
26443,2020-10-22,373
26443,2020-10-29,1163
26443,2020-11-11,55
26443,2020-11-20,55
26443,2020-11-23,303
26443,2020-12-18,763
26443,2020-12-22,106
26443,2021-01-26,1495
26443,2021-01-28,95
26443,2021-03-04,399
26443,2021-04-15,1436
26443,2021-06-28,1883
26443,2021-06-30,374
27551,2020-08-06,730
27551,2020-08-19,52
27551,2020-08-25,104
27551,2020-08-26,406
27551,2020-09-07,127
27551,2020-10-02,123
27551,2020-10-05,714
27551,2020-12-14,519
27551,2021-04-19,421
27551,2021-05-17,144
27551,2021-06-14,79
27551,2021-07-12,691
25603,2020-07-10,252
25603,2020-08-05,303
25603,2020-08-21,151
25603,2020-09-09,269
25603,2020-10-23,458
25603,2020-10-27,32
25603,2020-11-26,123
25603,2020-12-18,269
25603,2021-01-25,235
25603,2021-02-12,176
25603,2021-03-12,72
25603,2021-03-19,146
25603,2021-04-01,133
25603,2021-04-09,177
25603,2021-04-27,350
25603,2021-05-05,38
25603,2021-05-17,61
25603,2021-05-21,146
25603,2021-06-21,430
25603,2021-06-24,49
12310,2020-08-12,244
12310,2020-08-31,861
12310,2020-09-11,183
12310,2020-10-29,237
12310,2020-11-25,300
12310,2021-01-21,1409
12310,2021-01-22,53
12310,2021-02-22,96
12310,2021-04-15,261
12310,2021-05-14,146
12310,2021-05-25,16
12310,2021-06-17,270
25482,2020-07-09,387
25482,2020-07-31,305
25482,2020-08-05,130
25482,2020-09-24,438
25482,2020-11-11,348
25482,2020-11-23,281
25482,2020-12-18,418
25482,2021-01-07,229
25482,2021-01-22,99
25482,2021-02-26,401
25482,2021-03-04,80
25482,2021-04-19,576
25482,2021-05-25,509
25482,2021-05-27,26
25482,2021-07-16,410
26618,2020-08-17,471
26618,2020-09-11,1053
26618,2020-11-26,746
26618,2020-12-10,205
26618,2021-04-01,935
26618,2021-04-15,211
26618,2021-04-30,3034
26618,2021-05-07,33
26618,2021-05-21,148
10090,2020-07-02,1436
10090,2020-08-13,26
10090,2020-09-11,1314
10090,2020-11-16,573
10090,2020-11-26,338
10090,2021-02-02,730
10090,2021-03-12,422
10090,2021-05-14,501
10090,2021-05-17,67
10090,2021-06-30,1046
10090,2021-07-02,195
16240,2020-07-03,134
16240,2020-07-23,499
16240,2020-07-30,474
16240,2020-09-29,663
16240,2020-09-30,52
16240,2020-10-02,83
16240,2020-10-29,84
16240,2020-11-13,3128
16240,2020-11-30,584
16240,2020-12-04,127
16240,2020-12-09,138
16240,2021-01-07,143
16240,2021-01-28,109
16240,2021-02-08,110
16240,2021-03-18,963
16240,2021-06-10,2793
16240,2021-06-20,68
16240,2021-07-08,305
16240,2021-07-16,606
29065,2020-07-21,172
29065,2020-07-27,166
29065,2020-09-17,1471
29065,2020-11-10,706
29065,2020-11-26,140
29065,2020-12-09,747
29065,2021-01-11,1762
29065,2021-01-22,18
29065,2021-01-29,7
29065,2021-02-26,85
29065,2021-03-26,4195
29065,2021-03-30,72
29065,2021-06-15,1841
29065,2021-06-20,142
29065,2021-06-24,18
28687,2020-08-20,442
28687,2020-08-26,81
28687,2020-08-28,93
28687,2020-09-30,403
28687,2020-11-25,687
28687,2021-02-02,95
28687,2021-02-24,453
28687,2021-03-22,442
28687,2021-05-11,246
28687,2021-06-29,680
28687,2021-07-06,363
29278,2020-07-06,29
29278,2020-07-10,589
29278,2020-07-16,856
29278,2020-08-06,920
29278,2020-08-28,390
29278,2020-09-09,227
29278,2020-09-22,208
29278,2020-09-30,2359
29278,2020-10-05,730
29278,2020-10-14,309
29278,2020-11-06,24
29278,2020-11-30,870
29278,2020-12-21,538
29278,2021-01-15,621
29278,2021-01-22,36
29278,2021-02-04,299
29278,2021-04-09,587
29278,2021-05-05,538
29278,2021-06-22,582
29278,2021-06-30,94
29278,2021-07-06,594
29278,2021-07-08,37
26551,2020-07-09,361
26551,2020-07-16,1201
26551,2020-07-27,4647
26551,2020-07-31,102
26551,2020-08-06,17
26551,2020-08-25,139
26551,2020-08-28,263
26551,2020-09-07,268
26551,2020-09-15,203
26551,2020-09-18,1290
26551,2020-10-05,721
26551,2020-10-15,460
26551,2020-10-21,46
26551,2020-10-23,559
26551,2020-10-30,1520
26551,2020-11-06,961
26551,2020-11-11,610
26551,2020-11-20,322
26551,2020-11-27,892
26551,2020-12-04,100
26551,2020-12-17,2563
26551,2020-12-21,7
26551,2020-12-23,601
26551,2021-01-15,788
26551,2021-01-21,4071
26551,2021-02-04,231
26551,2021-02-18,282
26551,2021-02-24,1131
26551,2021-02-26,2116
26551,2021-03-02,57
26551,2021-03-12,2570
26551,2021-03-22,613
26551,2021-03-26,210
26551,2021-04-15,3614
26551,2021-04-19,9
26551,2021-04-21,65
26551,2021-04-26,864
26551,2021-05-14,289
26551,2021-05-27,2206
26551,2021-06-14,123
26551,2021-06-24,107
26551,2021-07-08,2001
11856,2020-07-09,165
11856,2020-07-16,427
11856,2020-07-31,947
11856,2020-08-06,40
11856,2020-08-13,183
11856,2020-08-28,676
11856,2020-09-15,483
11856,2020-10-09,382
11856,2020-10-13,42
11856,2020-10-15,234
11856,2020-10-23,251
11856,2020-11-10,407
11856,2020-11-20,791
11856,2020-11-27,407
11856,2020-12-04,608
11856,2021-01-27,666
11856,2021-02-04,277
11856,2021-03-08,1105
11856,2021-03-31,571
11856,2021-04-29,461
11856,2021-05-14,180
11856,2021-06-14,407
11856,2021-06-29,850
26045,2020-07-10,423
26045,2020-07-15,366
26045,2020-08-12,626
26045,2020-08-26,72
26045,2020-08-28,249
26045,2020-09-29,168
26045,2020-10-13,72
26045,2020-10-21,89
26045,2020-12-22,104
26045,2021-01-07,951
26045,2021-01-29,235
26045,2021-02-22,636
26045,2021-02-24,182
26045,2021-05-27,825
26045,2021-06-16,84
26045,2021-06-28,685
26045,2021-07-16,354
11504,2020-07-16,197
11504,2020-07-27,220
11504,2020-08-11,570
11504,2020-08-28,74
11504,2020-09-11,159
11504,2020-10-13,634
11504,2020-11-30,933
11504,2021-01-26,557
11504,2021-03-12,349
11504,2021-05-11,726
11504,2021-06-29,737
11504,2021-06-30,123
11020,2020-07-02,201
11020,2020-07-27,995
11020,2020-07-31,214
11020,2020-09-03,262
11020,2020-09-24,1558
11020,2020-10-07,123
11020,2020-10-22,770
11020,2020-11-09,5
11020,2020-11-11,468
11020,2020-12-17,505
11020,2021-01-11,160
11020,2021-01-19,211
11020,2021-02-09,86
11020,2021-02-24,1012
11020,2021-03-03,77
11020,2021-03-10,418
11020,2021-03-18,28
11020,2021-03-24,393
11020,2021-03-26,198
11020,2021-05-19,968
11020,2021-07-12,1172
27597,2020-07-06,523
27597,2020-07-13,1455
27597,2020-07-23,1034
27597,2020-08-17,2076
27597,2020-08-31,6096
27597,2020-09-07,1539
27597,2020-09-08,231
27597,2020-09-24,1455
27597,2020-09-30,1034
27597,2020-10-23,1488
27597,2020-10-29,268
27597,2020-11-24,1983
27597,2020-11-30,4356
27597,2020-12-02,1686
27597,2020-12-07,274
27597,2020-12-14,1034
27597,2021-02-08,566
27597,2021-02-12,425
27597,2021-02-24,18
27597,2021-03-18,2649
27597,2021-04-19,1497
27597,2021-05-07,1022
27597,2021-05-17,4357
27597,2021-05-27,616
27597,2021-06-04,4098
27597,2021-06-10,1938
27597,2021-06-14,207
27597,2021-06-21,717
27597,2021-06-30,1784
27597,2021-07-12,1220
26600,2020-07-27,1273
26600,2020-08-08,780
26600,2020-09-24,627
26600,2020-10-30,1849
26600,2020-11-10,22
26600,2020-11-30,87
26600,2020-12-03,850
26600,2020-12-10,78
26600,2021-01-28,1811
26600,2021-02-04,100
26600,2021-02-10,14
26600,2021-03-10,86
26600,2021-03-12,143
26600,2021-04-01,1839
26600,2021-05-07,100
26600,2021-05-17,1297
26600,2021-05-19,119
26600,2021-06-22,167
26600,2021-06-30,1366
26600,2021-07-06,46
26600,2021-07-12,163
11316,2020-07-03,70
11316,2020-08-20,834
11316,2020-09-09,901
11316,2020-09-15,105
11316,2020-10-09,350
11316,2020-11-10,1170
11316,2020-11-30,383
11316,2021-01-22,527
11316,2021-01-25,486
11316,2021-03-08,557
11316,2021-04-21,512
11316,2021-06-08,563
11316,2021-07-14,759
11316,2021-07-16,243
16670,2020-07-03,469
16670,2020-07-29,100
16670,2020-08-17,1235
16670,2020-09-17,782
16670,2020-10-15,743
16670,2020-11-07,317
16670,2020-11-11,250
16670,2020-11-12,388
16670,2020-12-14,471
16670,2021-01-11,883
16670,2021-02-04,357
16670,2021-02-26,370
16670,2021-03-12,12
16670,2021-04-15,1266
16670,2021-04-19,17
16670,2021-05-21,968
16670,2021-06-02,253
16670,2021-07-06,176
16670,2021-07-12,256
30437,2020-07-06,258
30437,2020-07-21,239
30437,2020-08-21,458
30437,2020-08-28,143
30437,2020-08-31,172
30437,2020-09-10,645
30437,2020-09-15,170
30437,2020-09-29,152
30437,2020-10-01,46
30437,2020-10-13,405
30437,2020-10-16,50
30437,2020-10-21,194
30437,2020-10-29,116
30437,2020-11-11,247
30437,2020-11-20,104
30437,2020-11-24,138
30437,2020-11-30,292
30437,2020-12-10,88
30437,2020-12-16,107
30437,2021-01-11,322
30437,2021-01-26,259
30437,2021-02-08,111
30437,2021-02-16,56
30437,2021-03-12,287
30437,2021-03-24,284
30437,2021-04-19,335
30437,2021-05-20,32
30437,2021-05-21,201
30437,2021-05-25,215
30437,2021-06-10,281
30437,2021-06-28,154
30437,2021-07-06,136
26290,2020-08-17,329
26290,2020-09-24,868
26290,2020-10-07,867
26290,2020-10-22,131
26290,2020-11-25,219
26290,2020-11-30,180
26290,2021-03-12,737
26290,2021-05-06,9
26290,2021-05-21,322
26290,2021-07-12,331
30221,2020-08-21,130
30221,2020-10-23,57
30221,2021-01-11,1274
30221,2021-01-15,215
30221,2021-02-24,239
30221,2021-02-26,9
30221,2021-03-26,578
30221,2021-04-13,380
30221,2021-05-05,689
30221,2021-06-08,568
30221,2021-06-10,329
30221,2021-07-02,561
30221,2021-07-12,646
30221,2021-07-16,65
28492,2020-07-27,1646
28492,2020-09-07,1636
28492,2020-10-01,52
28492,2020-10-15,2325
28492,2020-10-23,580
28492,2020-11-16,454
28492,2020-11-27,1979
28492,2020-12-04,365
28492,2021-01-19,1796
28492,2021-01-21,102
28492,2021-03-08,1850
28492,2021-03-12,42
28492,2021-04-15,1850
28492,2021-04-21,247
28492,2021-05-25,1940
28492,2021-06-02,101
30324,2020-08-26,232
30324,2020-10-21,1390
30324,2020-12-09,7630
30324,2020-12-16,730
30324,2021-05-27,424
20730,2020-07-17,172
20730,2020-08-21,723
20730,2020-10-09,219
20730,2020-10-27,732
20730,2020-12-09,408
20730,2021-01-15,47
20730,2021-02-02,183
20730,2021-03-24,1238
20730,2021-04-19,180
20730,2021-06-15,186
10216,2020-08-19,708
10216,2020-09-07,203
10216,2020-10-29,605
10216,2020-11-18,1033
10216,2021-01-07,508
10216,2021-01-25,1122
10216,2021-01-29,63
10216,2021-02-09,18
10216,2021-02-12,367
10216,2021-02-15,34
10216,2021-02-22,95
10216,2021-03-18,21
10216,2021-03-22,206
10216,2021-03-24,129
10216,2021-03-30,376
10216,2021-05-27,653
10216,2021-06-02,234
10216,2021-06-14,92
14800,2020-08-06,50
14800,2020-08-18,1017
14800,2020-10-01,96
14800,2020-11-18,391
14800,2020-12-14,347
14800,2021-06-10,497
14330,2020-08-05,329
14330,2020-08-26,9
14330,2020-10-29,138
14330,2020-10-30,15
14330,2020-11-10,247
14330,2020-11-25,606
14330,2021-01-19,622
14330,2021-05-19,940
11539,2020-07-21,401
11539,2020-11-27,138
11539,2020-12-16,500
11539,2021-01-04,1673
11539,2021-03-05,190
11539,2021-03-29,454
11539,2021-04-08,335
11539,2021-06-04,78
11539,2021-06-22,237
10985,2020-07-06,16
10985,2020-07-07,41
10985,2020-07-13,153
10985,2020-07-20,131
10985,2020-07-22,13
10985,2020-08-17,88
10985,2020-08-18,113
10985,2020-09-17,200
10985,2020-09-21,7
10985,2020-10-01,4
10985,2020-10-05,33
10985,2020-10-08,89
10985,2020-10-13,71
10985,2020-10-21,43
10985,2020-10-23,19
10985,2020-10-26,50
10985,2020-11-02,17
10985,2020-11-03,76
10985,2020-11-11,34
10985,2020-11-17,10
10985,2020-11-26,2
10985,2020-12-01,179
10985,2020-12-02,80
10985,2020-12-07,26
10985,2020-12-15,53
10985,2020-12-17,94
10985,2020-12-21,19
10985,2021-01-07,96
10985,2021-01-14,41
10985,2021-01-15,8
10985,2021-01-19,19
10985,2021-01-21,74
10985,2021-01-22,83
10985,2021-01-27,25
10985,2021-02-09,64
10985,2021-02-22,106
10985,2021-03-03,67
10985,2021-03-04,26
10985,2021-03-05,218
10985,2021-03-08,102
10985,2021-03-19,5
10985,2021-03-25,2072
10985,2021-04-06,50
10985,2021-04-15,80
10985,2021-04-21,72
10985,2021-05-06,299
10985,2021-05-11,92
10985,2021-05-18,55
10985,2021-05-26,12
10985,2021-05-31,50
10985,2021-06-01,208
10985,2021-06-10,23
10985,2021-06-11,8
10985,2021-06-18,40
10985,2021-06-29,27
10985,2021-07-02,21
10985,2021-07-13,19
10985,2021-07-14,8
11453,2020-07-10,598
11453,2020-07-28,3
11453,2020-07-29,52
11453,2020-08-20,9
11453,2020-08-28,42
11453,2020-10-05,173
11453,2020-12-01,3
11453,2020-12-03,19
11453,2020-12-17,1
11453,2020-12-22,132
11453,2021-01-13,3
11453,2021-01-21,326
11453,2021-06-15,5
11786,2020-07-10,47
11786,2020-07-22,513
11786,2020-08-06,61
11786,2020-09-02,94
11786,2020-09-07,59
11786,2020-09-16,382
11786,2020-09-17,290
11786,2020-09-22,865
11786,2020-09-28,675
11786,2020-09-29,181
11786,2020-09-30,63
11786,2020-10-01,460
11786,2020-10-14,345
11786,2020-10-15,388
11786,2020-10-19,89
11786,2020-10-27,756
11786,2020-11-04,130
11786,2020-11-11,277
11786,2020-11-18,94
11786,2021-02-03,71
11786,2021-02-18,227
11786,2021-03-09,224
11786,2021-03-24,76
11786,2021-05-03,149
11786,2021-06-04,194
11786,2021-06-22,177
11841,2020-07-06,8
11841,2020-07-07,13
11841,2020-07-17,1
11841,2020-07-22,14
11841,2020-07-23,47
11841,2020-08-03,12
11841,2020-08-10,52
11841,2020-08-28,70
11841,2020-09-14,16
11841,2020-09-16,94
11841,2020-10-05,39
11841,2020-11-04,313
11841,2020-11-10,2
11841,2020-11-24,13
11841,2020-11-26,3
11841,2020-12-08,4
11841,2020-12-17,34
11841,2021-01-27,36
11841,2021-02-18,141
11841,2021-03-04,4
11841,2021-03-05,17
11841,2021-03-08,3
11841,2021-03-23,7
11841,2021-04-20,35
11841,2021-04-27,4
11841,2021-05-25,28
11841,2021-05-26,30
11841,2021-06-07,25
11841,2021-06-21,46
11329,2020-07-02,473
11329,2020-07-21,123
11329,2020-07-24,458
11329,2020-07-30,92
11329,2020-08-14,3734
11329,2020-08-26,44
11329,2020-09-04,163
11329,2020-09-07,100
11329,2020-09-17,38
11329,2020-09-18,31
11329,2021-01-05,171
11329,2021-01-19,285
11329,2021-01-26,269
11329,2021-02-05,186
11329,2021-03-08,204
11329,2021-04-30,318
11329,2021-05-06,401
11329,2021-06-22,333
10812,2020-07-09,50
10812,2020-07-24,43
10812,2020-08-12,145
10812,2020-09-15,50
10812,2020-09-16,3
10812,2020-11-11,50
10812,2020-11-25,3
10812,2020-11-26,76
10812,2021-01-11,50
10812,2021-01-25,3
10812,2021-02-23,191
10812,2021-03-01,50
10812,2021-04-15,153
10812,2021-04-20,69
10812,2021-04-22,86
10812,2021-04-26,69
10812,2021-05-03,56
10812,2021-05-05,546
10812,2021-06-15,56
KD26298,2020-07-10,65
KD26298,2020-07-14,1200
KD26298,2020-07-16,1303
KD26298,2020-07-21,2843
KD26298,2020-08-17,-60
KD26298,2020-09-04,921
KD26298,2020-11-02,2750
KD26298,2020-11-12,700
KD26298,2021-01-07,466
KD26298,2021-02-01,9807
KD26298,2021-02-12,2817
KD26298,2021-02-25,313
KD26298,2021-03-05,2728
KD26298,2021-03-11,2908
KD26298,2021-03-26,1192
KD26298,2021-04-20,1852
KD26298,2021-04-26,134
KD26298,2021-04-29,931
KD26298,2021-06-17,1251
KD26298,2021-06-23,524
KD26298,2021-06-25,155
KD26298,2021-07-12,-403
242401,2020-07-08,402
242401,2020-07-24,457
242401,2020-08-03,-7
242401,2020-08-21,419
242401,2020-09-04,301
242401,2020-09-18,526
242401,2020-09-23,-158
242401,2020-09-25,459
242401,2020-10-09,233
242401,2020-10-30,791
242401,2020-11-11,6
242401,2020-11-12,13
242401,2020-11-13,319
242401,2020-11-23,667
242401,2020-12-04,305
242401,2020-12-08,66
242401,2020-12-18,896
242401,2021-01-15,393
242401,2021-01-26,66
242401,2021-01-29,344
242401,2021-02-01,60
242401,2021-02-19,673
242401,2021-03-12,914
242401,2021-03-26,904
242401,2021-04-16,1742
242401,2021-05-03,434
242401,2021-05-17,131
242401,2021-06-22,153
117381,2020-07-02,364
117381,2020-07-15,1076
117381,2020-08-21,6000
117381,2020-08-26,9000
117381,2020-09-02,134
117381,2020-09-07,9000
117381,2020-09-08,7500
117381,2020-09-10,77
117381,2020-09-16,199
117381,2020-09-23,26
117381,2020-10-07,9520
117381,2020-10-21,9090
117381,2020-10-27,122
117381,2020-10-28,9390
117381,2020-11-11,324
117381,2020-11-24,117
117381,2020-12-08,9000
117381,2020-12-14,204
117381,2020-12-18,9000
117381,2021-01-13,20
117381,2021-01-20,238
117381,2021-01-27,336
117381,2021-02-24,94
117381,2021-02-25,170
117381,2021-03-15,9000
117381,2021-03-24,1076
117381,2021-03-25,9000
117381,2021-04-13,13277
117381,2021-05-11,59
117381,2021-05-19,6300
117381,2021-06-11,1246
117381,2021-06-30,108
KD20435,2020-08-21,126
KD20435,2020-08-28,98
KD20435,2020-11-06,16
KD20435,2020-12-04,77
KD20435,2020-12-11,192
KD20435,2020-12-22,132
KD20435,2021-01-06,163
KD20435,2021-05-27,39
KD27580,2020-07-10,139
KD27580,2020-07-16,159
KD27580,2020-08-05,1020
KD27580,2020-08-07,811
KD27580,2020-09-04,860
KD27580,2020-10-02,1055
KD27580,2020-10-09,1180
KD27580,2020-10-19,159
KD27580,2020-11-05,1064
KD27580,2020-12-04,1191
KD27580,2021-02-15,744
KD27580,2021-06-10,707
116021,2020-07-02,3786
116021,2020-07-07,131
116021,2020-07-09,4789
116021,2020-07-10,1601
116021,2020-07-13,65
116021,2020-07-14,131
116021,2020-07-15,1368
116021,2020-07-16,634
116021,2020-07-17,19
116021,2020-07-22,927
116021,2020-07-24,898
116021,2020-07-28,8528
116021,2020-07-30,6497
116021,2020-08-05,2666
116021,2020-08-07,90
116021,2020-08-10,4226
116021,2020-08-11,4278
116021,2020-08-13,510
116021,2020-08-18,295
116021,2020-08-19,1185
116021,2020-08-20,177
116021,2020-08-21,150
116021,2020-08-28,3600
116021,2020-08-31,1278
116021,2020-09-01,3600
116021,2020-09-03,9605
116021,2020-09-08,231
116021,2020-09-09,8346
116021,2020-09-11,2420
116021,2020-09-15,96
116021,2020-09-18,3254
116021,2020-09-22,13086
116021,2020-09-23,-3520
116021,2020-09-24,910
116021,2020-09-25,227
116021,2020-09-28,2993
116021,2020-09-29,31
116021,2020-09-30,3658
116021,2020-10-05,7867
116021,2020-10-07,4678
116021,2020-10-15,5768
116021,2020-10-16,9296
116021,2020-10-19,912
116021,2020-10-20,400
116021,2020-10-22,2280
116021,2020-10-23,5185
116021,2020-10-26,1659
116021,2020-10-28,5659
116021,2020-10-29,1730
116021,2020-11-02,2266
116021,2020-11-04,6202
116021,2020-11-06,4804
116021,2020-11-09,1100
116021,2020-11-10,261
116021,2020-11-11,898
116021,2020-11-12,240
116021,2020-11-13,1122
116021,2020-11-16,9649
116021,2020-11-20,4660
116021,2020-11-24,2280
116021,2020-11-27,4304
116021,2020-12-02,3569
116021,2020-12-03,9535
116021,2020-12-04,3468
116021,2020-12-11,7478
116021,2020-12-15,2736
116021,2020-12-16,898
116021,2020-12-17,2540
116021,2020-12-18,3132
116021,2020-12-22,200
116021,2021-01-04,1368
116021,2021-01-06,8086
116021,2021-01-08,2736
116021,2021-01-14,11960
116021,2021-01-15,400
116021,2021-01-18,1400
116021,2021-01-20,5000
116021,2021-01-22,3956
116021,2021-01-26,194
116021,2021-01-28,4118
116021,2021-01-29,1609
116021,2021-02-01,1468
116021,2021-02-03,3573
116021,2021-02-04,2883
116021,2021-02-10,136
116021,2021-02-11,6484
116021,2021-02-12,1368
116021,2021-02-16,11141
116021,2021-02-18,2736
116021,2021-02-24,1290
116021,2021-02-25,4820
116021,2021-03-02,5310
116021,2021-03-03,40546
116021,2021-03-04,2280
116021,2021-03-09,38112
116021,2021-03-11,6308
116021,2021-03-12,2176
116021,2021-03-16,7514
116021,2021-03-19,2736
116021,2021-03-22,2435
116021,2021-03-23,160
116021,2021-03-30,6783
116021,2021-03-31,720
116021,2021-04-01,1824
116021,2021-04-06,2578
116021,2021-04-07,-128
116021,2021-04-08,2280
116021,2021-04-19,12157
116021,2021-04-20,1235
116021,2021-04-22,2736
116021,2021-04-23,5396
116021,2021-04-30,2736
116021,2021-05-04,3230
116021,2021-05-07,4144
116021,2021-05-10,107
116021,2021-05-14,926
116021,2021-05-18,4235
116021,2021-05-19,1368
116021,2021-05-21,2451
116021,2021-05-26,16522
116021,2021-05-28,912
116021,2021-05-31,456
116021,2021-06-01,160
116021,2021-06-02,3448
116021,2021-06-04,1368
116021,2021-06-07,1368
116021,2021-06-10,6746
116021,2021-06-14,3312
116021,2021-06-18,3137
116021,2021-06-23,912
116021,2021-06-24,1984
116021,2021-06-25,890
116021,2021-07-02,1824
116021,2021-07-08,2736
11382,2020-07-10,7759
11382,2020-07-15,82
11382,2020-09-07,1820
11382,2020-09-10,623
11382,2020-09-15,1108
11382,2020-09-16,-1108
11382,2020-09-29,2876
11382,2020-09-30,502
11382,2020-10-02,38
11382,2020-10-07,37
11382,2020-10-26,77
11382,2020-11-11,1172
11382,2020-11-12,0
11382,2020-12-03,1673
11382,2020-12-15,233
11382,2020-12-17,205
11382,2021-01-28,16
11382,2021-02-24,117
11382,2021-03-31,279
11382,2021-04-21,219
11382,2021-05-07,130
11382,2021-05-18,8
11382,2021-05-21,46
11382,2021-07-08,69
12862,2020-07-08,191
12862,2020-07-13,322
12862,2020-09-01,295
12862,2020-09-09,92
12862,2020-09-10,75
12862,2020-09-11,91
12862,2020-09-15,170
12862,2020-09-22,81
12862,2020-10-02,32
12862,2020-12-18,299
12862,2021-01-14,57
12862,2021-01-16,168
12862,2021-01-19,134
12862,2021-02-17,190
12862,2021-02-24,122
12862,2021-03-02,116
12862,2021-03-18,79
12862,2021-03-23,39
12862,2021-04-16,375
12862,2021-04-19,197
12862,2021-04-29,99
21734,2020-07-15,235
21734,2020-09-29,1303
21734,2020-10-09,120
21734,2020-10-12,187
21734,2020-10-14,118
21734,2020-10-20,51
21734,2020-10-21,20
21734,2020-10-23,46
21734,2020-10-26,23
21734,2020-10-28,23
21734,2020-10-29,67
21734,2020-11-13,62
21734,2020-11-18,83
21734,2020-12-15,87
21734,2020-12-16,83
21734,2020-12-18,18
21734,2021-01-08,83
21734,2021-01-27,369
21734,2021-02-09,313
21734,2021-02-15,104
21734,2021-02-23,474
21734,2021-04-16,312
21734,2021-05-03,115
21734,2021-05-07,59
21734,2021-05-17,-16
21734,2021-05-27,167
21734,2021-06-17,15
50213,2020-07-16,20
50213,2020-07-17,120
50213,2020-07-21,37
50213,2020-10-05,6
50213,2020-10-15,24
50213,2020-11-27,47
50213,2020-12-02,473
50213,2020-12-10,46
50213,2021-01-21,226
50213,2021-01-29,209
50213,2021-02-01,30
50213,2021-03-01,124
50213,2021-03-10,88
50213,2021-03-29,9
50213,2021-04-12,29
50213,2021-04-16,246
50213,2021-04-30,332
11526,2020-07-02,83
11526,2020-07-24,261
11526,2020-10-22,396
11526,2020-11-05,61
11526,2020-11-20,147
11526,2020-11-23,207
11526,2020-11-25,76
11526,2021-03-04,42
11526,2021-05-18,88
11007,2020-07-02,85
11007,2020-07-10,54
11007,2020-07-17,174
11007,2020-07-24,63
11007,2020-08-04,93
11007,2020-08-11,80
11007,2020-08-18,30
11007,2020-09-10,219
11007,2020-09-17,28
11007,2020-09-21,30
11007,2020-09-28,33
11007,2020-09-30,11
11007,2020-10-21,286
11007,2020-10-26,25
11007,2020-11-03,112
11007,2020-11-09,2
11007,2020-11-13,414
11007,2020-11-19,138
11007,2020-11-20,19
11007,2021-01-05,98
11007,2021-01-11,97
11007,2021-01-14,19
11007,2021-01-19,182
11007,2021-01-29,86
11007,2021-02-01,39
11007,2021-02-03,171
11007,2021-02-04,25
11007,2021-02-05,47
11007,2021-02-08,227
11007,2021-02-09,717
11007,2021-03-03,333
11007,2021-03-15,13
11007,2021-03-16,65
11007,2021-03-18,15
11007,2021-03-31,119
11007,2021-04-07,181
11007,2021-04-09,51
11007,2021-04-19,147
11007,2021-04-26,22
11007,2021-04-29,205
11007,2021-04-30,74
11007,2021-05-04,56
11007,2021-05-07,75
11007,2021-05-25,6
11007,2021-06-08,79
11007,2021-06-21,124
11007,2021-07-01,208
101331,2020-07-03,638
101331,2020-07-17,696
101331,2020-08-14,254
101331,2020-08-19,155
101331,2020-08-25,123
101331,2020-08-31,82
101331,2020-09-01,252
101331,2020-09-04,264
101331,2020-09-11,35
101331,2020-09-25,1440
101331,2020-10-09,181
101331,2020-10-14,778
101331,2020-10-23,323
101331,2020-10-30,136
101331,2020-11-03,138
101331,2020-11-06,66
101331,2020-11-09,130
101331,2020-11-17,140
101331,2020-11-24,764
101331,2020-12-11,111
101331,2020-12-14,144
101331,2020-12-16,27
101331,2020-12-17,49
101331,2020-12-30,26
101331,2021-01-08,297
101331,2021-01-13,262
101331,2021-01-25,153
101331,2021-02-05,1292
101331,2021-02-10,16
101331,2021-02-19,1831
101331,2021-03-19,1065
101331,2021-04-16,4079
101331,2021-04-21,-22
101331,2021-05-07,7267
101331,2021-05-14,680
101331,2021-05-28,272
302151,2020-07-08,488
302151,2020-08-19,386
302151,2020-10-14,816
302151,2020-11-05,86
302151,2020-11-06,93
302151,2020-11-13,139
302151,2020-11-25,231
302151,2020-12-02,1722
302151,2020-12-09,404
302151,2020-12-16,83
302151,2020-12-22,56
302151,2020-12-30,34
302151,2021-01-08,166
302151,2021-01-15,73
302151,2021-02-03,734
302151,2021-02-18,55
302151,2021-02-24,228
302151,2021-02-26,83
302151,2021-03-16,160
302151,2021-03-24,1726
302151,2021-03-30,113
302151,2021-03-31,92
302151,2021-04-07,80
302151,2021-04-19,42
302151,2021-04-21,242
302151,2021-04-26,42
302151,2021-05-05,127
302151,2021-05-10,145
302151,2021-05-20,51
302151,2021-06-01,514
KD02918,2020-07-07,4265
KD02918,2020-07-21,344
KD02918,2020-08-03,323
KD02918,2020-08-05,472
KD02918,2020-08-07,1228
KD02918,2020-08-14,2129
KD02918,2020-08-21,240
KD02918,2020-08-25,1613
KD02918,2020-08-26,1911
KD02918,2020-08-28,125
KD02918,2020-09-08,1045
KD02918,2020-09-11,318
KD02918,2020-09-14,480
KD02918,2020-09-23,470
KD02918,2020-09-29,244
KD02918,2020-10-15,320
KD02918,2020-11-11,1045
KD02918,2020-11-23,919
KD02918,2020-11-30,78
KD02918,2020-12-01,1114
KD02918,2020-12-16,501
KD02918,2020-12-18,2366
KD02918,2021-01-13,68
KD02918,2021-01-14,196
KD02918,2021-01-15,1403
KD02918,2021-01-26,118
KD02918,2021-01-27,1613
KD02918,2021-02-03,39
KD02918,2021-02-04,156
KD02918,2021-02-05,236
KD02918,2021-02-19,78
KD02918,2021-02-23,118
KD02918,2021-02-25,870
KD02918,2021-03-08,244
KD02918,2021-03-29,870
KD02918,2021-04-01,376
KD02918,2021-04-16,236
KD02918,2021-05-11,122
KD15665,2020-07-02,43
KD15665,2020-07-03,12769
KD15665,2020-07-06,10212
KD15665,2020-07-10,494
KD15665,2020-07-13,800
KD15665,2020-07-17,1033
KD15665,2020-07-28,18863
KD15665,2020-07-30,129
KD15665,2020-07-31,5957
KD15665,2020-08-05,4179
KD15665,2020-08-11,183
KD15665,2020-08-12,617
KD15665,2020-08-14,68
KD15665,2020-08-19,199
KD15665,2020-08-27,3007
KD15665,2020-08-28,1759
KD15665,2020-09-02,10590
KD15665,2020-09-03,301
KD15665,2020-09-04,590
KD15665,2020-09-07,12223
KD15665,2020-09-11,311
KD15665,2020-09-17,16
KD15665,2020-09-23,2818
KD15665,2020-10-02,3857
KD15665,2020-10-06,22150
KD15665,2020-10-09,1016
KD15665,2020-10-12,98
KD15665,2020-10-15,240
KD15665,2020-10-19,152
KD15665,2020-10-21,521
KD15665,2020-10-26,97
KD15665,2020-10-29,8340
KD15665,2020-10-30,5774
KD15665,2020-11-02,773
KD15665,2020-11-03,7477
KD15665,2020-11-12,867
KD15665,2020-11-16,851
KD15665,2020-11-27,11835
KD15665,2020-12-04,11351
KD15665,2020-12-07,304
KD15665,2020-12-11,168
KD15665,2020-12-29,347
KD15665,2021-01-11,165
KD15665,2021-01-12,165
KD15665,2021-01-18,97
KD15665,2021-02-02,539
KD15665,2021-02-03,150
KD15665,2021-02-16,-97
KD15665,2021-03-22,291
KD15665,2021-04-15,485
KD15665,2021-04-19,388
KD16819,2020-07-13,115
KD16819,2020-07-16,333
KD16819,2020-07-21,59
KD16819,2020-07-23,170
KD16819,2020-07-27,129
KD16819,2020-07-31,322
KD16819,2020-08-06,196
KD16819,2020-08-11,129
KD16819,2020-08-13,249
KD16819,2020-08-31,436
KD16819,2020-09-03,13
KD16819,2020-09-08,481
KD16819,2020-09-15,356
KD16819,2020-09-28,148
KD16819,2020-10-08,716
KD16819,2020-10-16,65
KD16819,2020-11-12,221
KD16819,2020-11-13,365
KD16819,2020-12-04,470
KD16819,2020-12-17,470
KD16819,2020-12-29,145
KD16819,2021-01-07,294
KD16819,2021-01-13,82
KD16819,2021-02-03,77
KD16819,2021-02-23,204
KD16819,2021-03-05,425
KD16819,2021-03-17,27
KD16819,2021-04-15,66
KD16819,2021-04-19,1118
KD16819,2021-04-26,315
KD16819,2021-05-03,662
KD16819,2021-05-14,-16
KD20579,2020-07-06,553
KD20579,2020-07-16,333
KD20579,2020-07-17,622
KD20579,2020-07-21,100
KD20579,2020-07-23,179
KD20579,2020-07-31,101
KD20579,2020-08-06,957
KD20579,2020-09-08,1243
KD20579,2020-09-11,51
KD20579,2020-09-15,105
KD20579,2020-10-16,289
KD20579,2021-02-26,63
KD20579,2021-03-02,504
KD20579,2021-03-30,102
KD20579,2021-04-08,129
KD20579,2021-04-09,42
KD20579,2021-04-15,1069
KD20579,2021-04-21,108
KD20579,2021-04-29,74
KD20579,2021-04-30,278
KD20579,2021-05-11,31
KD18635,2020-07-15,605
KD18635,2020-07-22,155
KD18635,2020-08-06,1502
KD18635,2020-08-07,73
KD18635,2020-09-03,169
KD18635,2020-09-17,369
KD18635,2020-10-12,99
KD18635,2020-10-23,143
KD18635,2020-10-29,116
KD18635,2020-11-25,811
KD18635,2020-11-26,99
KD18635,2021-02-22,489
KD18635,2021-04-12,994
KD18635,2021-04-14,194
KD18635,2021-04-22,38
KD18635,2021-05-12,661
KD18635,2021-05-26,468
KD18635,2021-06-02,75
KD29695,2020-10-15,8800
KD29695,2020-10-23,8800
KD29695,2020-11-17,8800
KD29695,2020-12-14,2800
KD29695,2021-02-08,1500
KD29695,2021-03-10,1500
KD29695,2021-04-09,2400
KD29695,2021-05-31,900
KD29695,2021-06-25,900
KD00626,2020-08-05,46
KD00626,2020-08-31,148
KD00626,2020-09-29,541
KD00626,2020-10-01,-30
KD00626,2020-11-04,246
KD00626,2020-12-08,115
KD00626,2021-02-04,116
KD00626,2021-02-05,12
KD00626,2021-03-25,222
KD00626,2021-05-27,153
360751,2020-07-15,2308
360751,2020-08-12,522
360751,2020-08-19,2274
360751,2020-08-26,478
360751,2020-09-07,69
360751,2020-09-09,355
360751,2020-09-23,270
360751,2020-09-28,500
360751,2020-10-21,317
360751,2020-11-04,153
360751,2020-12-02,369
360751,2021-01-20,253
360751,2021-02-03,439
360751,2021-03-03,253
360751,2021-03-25,292
360751,2021-03-30,249
360751,2021-05-26,647
360751,2021-06-14,46
360751,2021-06-23,375
KD02865,2020-07-03,39
KD02865,2020-07-27,306
KD02865,2020-09-04,150
KD02865,2020-09-18,124
KD02865,2020-10-07,516
KD02865,2021-05-31,390
KD02865,2021-06-08,172
190021,2020-07-03,769
190021,2020-07-31,253
190021,2020-11-09,108
190021,2020-12-10,34
190021,2021-01-22,508
190021,2021-02-17,84
190021,2021-03-05,346
190021,2021-03-25,97
190021,2021-06-10,153
KD27598,2020-07-02,1664
KD27598,2020-07-08,1997
KD27598,2020-07-22,1830
KD27598,2020-07-29,2800
KD27598,2020-08-12,27894
KD27598,2020-08-14,440
KD27598,2020-10-01,42
KD27598,2020-10-05,181
KD27598,2020-10-06,338
KD27598,2020-10-26,176
KD27598,2020-10-30,800
KD27598,2020-11-26,986
KD27598,2021-01-11,650
KD27598,2021-02-02,944
KD27598,2021-02-04,1609
KD27598,2021-06-28,127
OKD08819,2020-07-30,312
OKD08819,2020-08-24,375
OKD08819,2020-09-17,375
OKD08819,2020-10-12,500
OKD08819,2020-11-06,375
OKD08819,2020-12-04,424
OKD08819,2020-12-15,500
OKD08819,2021-01-13,375
OKD08819,2021-02-17,375
OKD08819,2021-04-12,375
OKD08819,2021-05-25,500
KD00148,2020-07-03,471
KD00148,2020-08-31,1074
KD00148,2020-09-09,873
KD00148,2020-09-15,70
KD00148,2020-09-24,34
KD00148,2020-10-05,1074
KD00148,2020-10-12,16379
KD00148,2020-10-19,237
KD00148,2020-10-26,119
KD00148,2020-12-07,806
KD00148,2021-01-07,213
KD00148,2021-01-15,301
KD00148,2021-03-29,2310
KD00148,2021-05-25,1441
KD27886,2020-08-07,2070
KD27886,2020-08-28,245
KD27886,2020-09-02,1480
KD27886,2020-09-22,490
KD27886,2020-09-28,990
KD27886,2020-10-07,488
KD27886,2020-10-22,6122
KD27886,2020-10-29,2205
KD27886,2020-11-17,975
KD27886,2021-01-12,2680
KD27886,2021-01-18,3365
KD27886,2021-01-28,1538
KD27886,2021-03-09,905
KD27886,2021-03-29,189
KD27886,2021-04-08,2165
KD27886,2021-04-13,1280
KD27886,2021-06-10,458
OKD02716,2020-10-08,471
OKD02716,2020-10-27,627
OKD02716,2020-11-06,452
OKD02716,2020-11-17,439
OKD02716,2020-11-23,480
OKD02716,2020-11-27,317
OKD02716,2020-12-11,283
OKD02716,2020-12-16,233
OKD02716,2021-01-21,232
OKD02716,2021-01-22,224
OKD02716,2021-02-10,311
OKD02716,2021-04-08,247
OKD02716,2021-04-20,219
OKD02716,2021-06-08,217
KD01727,2020-07-03,447
KD01727,2020-09-03,872
KD01727,2020-10-08,348
KD01727,2020-10-23,521
KD01727,2020-11-03,506
KD01727,2020-12-28,385
KD01727,2021-01-20,660
KD01727,2021-01-22,95
KD01727,2021-03-25,370
KD18654,2020-07-31,139
KD18654,2020-08-12,30
KD18654,2020-08-19,31
KD18654,2020-09-03,161
KD18654,2020-10-21,31
KD18654,2020-12-10,18
KD18654,2021-01-12,47
KD18654,2021-02-23,77
KD18654,2021-05-12,91
292201,2020-07-03,773
292201,2020-07-10,2836
292201,2020-07-13,155
292201,2020-07-17,3647
292201,2020-07-24,501
292201,2020-07-31,1013
292201,2020-08-07,1817
292201,2020-08-14,6798
292201,2020-08-21,6225
292201,2020-08-27,36
292201,2020-08-28,872
292201,2020-09-04,2821
292201,2020-09-11,5937
292201,2020-09-14,248
292201,2020-09-18,1057
292201,2020-09-21,136
292201,2020-09-25,1159
292201,2020-09-30,152
292201,2020-10-02,2702
292201,2020-10-09,92
292201,2020-10-16,737
292201,2020-10-23,1982
292201,2020-10-29,33
292201,2020-10-30,683
292201,2020-11-06,4689
292201,2020-11-10,1587
292201,2020-11-11,57
292201,2020-11-13,2720
292201,2020-11-20,2172
292201,2020-11-27,5061
292201,2020-12-02,28
292201,2020-12-04,1320
292201,2020-12-10,55
292201,2020-12-11,1626
292201,2020-12-17,84
292201,2020-12-18,71
292201,2020-12-30,671
292201,2021-01-08,1649
292201,2021-01-11,182
292201,2021-01-15,3234
292201,2021-01-22,470
292201,2021-01-29,2563
292201,2021-02-04,29
292201,2021-02-05,8010
292201,2021-02-10,1232
292201,2021-02-11,340
292201,2021-02-16,-47
292201,2021-02-19,1635
292201,2021-02-23,28
292201,2021-02-26,8739
292201,2021-03-05,442
292201,2021-03-10,1254
292201,2021-03-12,82
292201,2021-03-19,6016
292201,2021-03-26,1250
292201,2021-04-01,1267
292201,2021-04-09,1344
292201,2021-04-16,5804
292201,2021-04-21,16
292201,2021-04-26,3108
292201,2021-04-29,138
292201,2021-04-30,812
292201,2021-05-04,-410
292201,2021-05-07,1952
292201,2021-05-11,64
292201,2021-05-17,1489
292201,2021-05-18,57
292201,2021-05-25,120
292201,2021-05-31,58
292201,2021-06-04,25
292201,2021-06-11,1153
292201,2021-06-14,-72
292201,2021-06-15,253
292201,2021-07-02,117
292201,2021-07-14,47
KD02062,2020-07-30,327
KD02062,2020-08-13,184
KD02062,2020-09-03,179
KD02062,2020-09-18,209
KD02062,2020-10-15,518
KD02062,2020-10-26,24
KD02062,2020-11-17,219
KD02062,2020-12-15,288
KD02062,2021-01-04,378
KD02062,2021-01-15,241
KD02062,2021-01-18,25
KD02062,2021-02-16,26
KD02062,2021-03-05,385
KD02062,2021-03-08,-26
KD02062,2021-03-19,100
KD02062,2021-03-22,112
KD02062,2021-04-30,255
KD02062,2021-05-03,26
KD02062,2021-05-31,262
KD02062,2021-06-01,6
118711,2020-07-28,349
118711,2020-08-25,96
118711,2020-09-08,334
118711,2020-09-09,71
118711,2020-10-20,282
118711,2020-11-17,531
118711,2020-12-15,481
118711,2021-01-14,338
118711,2021-02-02,318
118711,2021-02-16,317
118711,2021-03-16,299
118711,2021-04-27,322
118711,2021-05-31,174
118711,2021-06-08,43
KD01388,2020-07-06,402
KD01388,2020-07-15,10
KD01388,2020-07-27,327
KD01388,2020-08-19,64
KD01388,2020-10-05,306
KD01388,2020-11-11,285
KD01388,2021-01-04,140
KD01388,2021-01-05,56
KD01388,2021-01-29,39
KD01388,2021-02-19,134
KD01388,2021-04-01,327
KD01388,2021-04-21,335
KD01388,2021-05-07,235
KD01388,2021-05-11,114
KD01388,2021-05-12,138
KD02255,2020-08-26,685
KD02255,2020-10-13,740
KD02255,2020-11-04,37
KD02255,2020-11-05,626
KD02255,2020-11-18,391
KD02255,2021-03-03,579
KD10556,2020-07-15,269
KD10556,2020-08-05,518
KD10556,2020-09-02,257
KD10556,2020-10-02,150
KD10556,2020-10-16,796
KD10556,2020-11-04,410
KD10556,2020-12-16,2033
KD10556,2021-02-17,1014
KD10556,2021-03-31,270
KD10556,2021-07-14,34
KD01436,2020-07-16,448
KD01436,2020-08-27,1017
KD01436,2020-09-01,-34
KD01436,2020-09-24,490
KD01436,2020-10-15,448
KD01436,2020-11-05,644
KD01436,2020-11-19,681
KD01436,2020-12-10,299
KD01436,2021-01-07,598
KD01436,2021-02-25,598
KD01436,2021-03-31,896
KD01436,2021-05-04,42
KD01436,2021-05-27,598
KD02436,2020-07-08,1600
KD02436,2020-07-14,1103
KD02436,2020-07-21,74
KD02436,2020-07-27,103
KD02436,2020-07-29,149
KD02436,2020-08-05,309
KD02436,2020-08-06,330
KD02436,2020-08-07,1000
KD02436,2020-08-19,12222
KD02436,2020-08-20,17176
KD02436,2020-08-26,1549
KD02436,2020-09-02,2787
KD02436,2020-09-04,-60
KD02436,2020-09-16,106
KD02436,2020-09-23,4200
KD02436,2020-09-30,12082
KD02436,2020-10-07,8093
KD02436,2020-10-21,1512
KD02436,2020-10-22,3698
KD02436,2020-10-23,309
KD02436,2020-10-30,3312
KD02436,2020-11-04,25040
KD02436,2020-11-09,-1730
KD02436,2020-11-10,641
KD02436,2020-11-11,1654
KD02436,2020-11-13,247
KD02436,2020-12-02,10855
KD02436,2020-12-16,7700
KD02436,2020-12-29,1283
KD02436,2020-12-30,29949
KD02436,2021-01-12,40
KD02436,2021-01-20,5587
KD02436,2021-02-02,18
KD02436,2021-02-03,25177
KD02436,2021-02-12,2309
KD02436,2021-02-16,-3344
KD02436,2021-02-17,39017
KD02436,2021-02-24,7997
KD02436,2021-03-03,6175
KD02436,2021-03-10,1532
KD02436,2021-03-24,9069
KD02436,2021-03-30,141
KD02436,2021-04-07,72
KD02436,2021-04-08,201
KD02436,2021-04-14,962
KD02436,2021-04-21,2202
KD02436,2021-04-28,3024
KD02436,2021-05-11,144
KD02436,2021-05-17,206
KD02436,2021-06-07,444
KD02436,2021-06-09,6576
KD02436,2021-06-23,412
KD02436,2021-07-07,140
KD05146,2020-07-15,138
KD05146,2020-07-16,22
KD05146,2020-07-30,79
KD05146,2020-07-31,56
KD05146,2020-10-02,47
KD05146,2020-10-05,32
KD05146,2020-11-19,184
KD05146,2020-11-20,43
KD05146,2020-12-01,69
KD05146,2020-12-04,152
KD05146,2020-12-30,89
KD05146,2021-01-06,73
KD05146,2021-03-31,177
KD05146,2021-07-01,30
KD00546,2020-07-02,25
KD00546,2020-07-03,20
KD00546,2020-07-14,320
KD00546,2020-08-12,266
KD00546,2020-09-15,55
KD00546,2020-09-17,25
KD00546,2020-10-08,124
KD00546,2020-11-19,24
KD00546,2020-12-09,97
KD00546,2021-01-18,594
KD00546,2021-02-15,270
KD00546,2021-03-01,1099
KD00546,2021-03-08,588
KD00546,2021-06-21,60
KD00546,2021-06-28,60
KD02123,2020-07-03,62
KD02123,2020-07-07,47
KD02123,2020-07-23,480
KD02123,2020-08-07,614
KD02123,2020-08-14,551
KD02123,2020-09-02,320
KD02123,2020-09-08,1079
KD02123,2020-09-17,123
KD02123,2020-10-30,236
KD02123,2020-12-08,1965
KD02123,2021-04-01,38
KD02123,2021-04-29,76
KD02123,2021-05-12,71
KD02123,2021-05-21,129
KD02123,2021-06-08,76
KD02123,2021-06-16,74
KD10738,2020-07-13,118
KD10738,2020-07-16,36
KD10738,2020-07-27,3356
KD10738,2020-08-03,2968
KD10738,2020-08-10,473
KD10738,2020-08-24,266
KD10738,2020-08-28,70
KD10738,2020-09-11,968
KD10738,2020-09-14,2836
KD10738,2020-09-25,39
KD10738,2020-09-28,780
KD10738,2020-10-02,357
KD10738,2020-10-06,160
KD10738,2020-10-09,119
KD10738,2020-10-21,280
KD10738,2020-11-02,1650
KD10738,2020-11-04,390
KD10738,2020-11-09,3600
KD10738,2020-11-16,150
KD10738,2020-11-23,1650
KD10738,2020-11-30,3346
KD10738,2020-12-02,2900
KD10738,2020-12-15,538
KD10738,2021-01-04,1100
KD10738,2021-01-08,1220
KD10738,2021-02-01,1777
KD10738,2021-02-04,68
KD10738,2021-02-15,4624
KD10738,2021-02-16,174
KD10738,2021-02-22,392
KD10738,2021-03-15,258
KD10738,2021-03-17,240
KD10738,2021-03-22,2646
KD10738,2021-03-26,-258
KD10738,2021-04-09,297
KD10738,2021-04-26,1506
KD10738,2021-05-03,3012
KD10738,2021-05-17,297
KD10738,2021-05-18,9
KD10738,2021-05-25,3068
KD10738,2021-06-01,90
KD10738,2021-06-07,380
KD10738,2021-07-16,288
KD12423,2020-07-06,811
KD12423,2020-07-09,54
KD12423,2020-07-13,1900
KD12423,2020-07-27,992
KD12423,2020-08-31,1210
KD12423,2020-09-21,2796
KD12423,2020-09-24,1512
KD12423,2020-10-05,680
KD12423,2020-10-12,4000
KD12423,2020-10-19,480
KD12423,2020-12-14,992
KD12423,2021-01-04,2434
KD12423,2021-01-11,992
KD12423,2021-02-01,590
KD12423,2021-02-09,89
KD12423,2021-04-06,2360
KD12423,2021-04-12,200
KD12423,2021-05-25,1412
KD19463,2020-07-13,410
KD19463,2020-07-23,9600
KD19463,2020-07-31,275
KD19463,2020-08-07,410
KD19463,2020-09-07,83
KD19463,2020-10-01,308
KD19463,2020-10-06,6400
KD19463,2020-10-12,40
KD19463,2020-10-19,148
KD19463,2020-10-20,2800
KD19463,2020-10-29,100
KD19463,2020-11-03,2800
KD19463,2020-12-04,410
KD19463,2021-01-28,878
KD19463,2021-02-10,118
KD19463,2021-02-11,2360
KD19463,2021-03-01,-248
KD19463,2021-03-03,234
KD19463,2021-03-12,308
KD19463,2021-05-31,308
KD19463,2021-06-14,308
KD19463,2021-07-15,308
KD00591,2020-07-07,92
KD00591,2020-09-15,69
KD00591,2020-10-12,-1320
KD00591,2020-11-02,110
KD00591,2020-11-30,3700
KD00591,2020-12-15,4447
KD00591,2020-12-17,-1045
KD00591,2021-01-25,6360
KD00591,2021-01-28,174
KD00591,2021-03-01,693
KD00591,2021-03-26,795
KD00591,2021-04-29,442
KD00591,2021-05-04,522
KD00591,2021-06-23,65
KD00591,2021-06-28,278
851110,2020-07-22,161
851110,2020-08-03,117
851110,2020-09-02,499
851110,2020-09-07,328
851110,2020-09-08,14
851110,2020-10-29,139
851110,2020-12-02,365
851110,2020-12-15,117
851110,2021-03-03,861
851110,2021-03-09,218
851110,2021-03-16,117
851110,2021-04-09,258
851110,2021-05-11,99
210901,2020-07-08,38
210901,2020-07-22,211
210901,2020-07-28,103
210901,2020-08-26,264
210901,2020-09-11,193
210901,2020-10-12,43
210901,2020-11-04,60
210901,2020-11-18,24
210901,2020-11-25,93
210901,2020-12-15,299
210901,2021-01-15,4
210901,2021-01-20,79
210901,2021-02-02,4
210901,2021-02-10,112
210901,2021-02-19,66
210901,2021-03-03,864
210901,2021-03-11,182
210901,2021-03-17,34
210901,2021-03-24,165
210901,2021-03-31,19
210901,2021-04-01,-62
210901,2021-04-12,55
210901,2021-04-19,68
210901,2021-05-31,5
210901,2021-06-16,73
KD00379,2020-07-07,596
KD00379,2020-07-14,509
KD00379,2020-07-21,819
KD00379,2020-07-23,885
KD00379,2020-07-28,672
KD00379,2020-08-04,1026
KD00379,2020-08-06,600
KD00379,2020-08-11,473
KD00379,2020-08-14,241
KD00379,2020-08-25,1549
KD00379,2020-09-01,817
KD00379,2020-09-03,-373
KD00379,2020-09-08,792
KD00379,2020-09-15,761
KD00379,2020-09-21,127
KD00379,2020-09-22,1156
KD00379,2020-09-29,945
KD00379,2020-10-06,1034
KD00379,2020-10-13,549
KD00379,2020-10-16,600
KD00379,2020-10-20,704
KD00379,2020-10-27,397
KD00379,2020-11-03,362
KD00379,2020-11-04,81
KD00379,2020-11-10,561
KD00379,2020-11-17,721
KD00379,2020-11-24,1113
KD00379,2020-12-01,944
KD00379,2020-12-03,583
KD00379,2020-12-08,1129
KD00379,2020-12-15,447
KD00379,2020-12-22,601
KD00379,2020-12-29,377
KD00379,2021-01-05,376
KD00379,2021-01-12,651
KD00379,2021-01-19,866
KD00379,2021-01-26,1055
KD00379,2021-02-02,239
KD00379,2021-02-16,996
KD00379,2021-02-23,753
KD00379,2021-03-02,227
KD00379,2021-03-09,822
KD00379,2021-03-29,354
KD00379,2021-03-30,1018
KD00379,2021-04-20,1118
KD00379,2021-04-21,194
KD00379,2021-04-27,477
KD00379,2021-05-04,1037
KD00379,2021-05-17,-260
KD00379,2021-05-18,2254
KD00379,2021-05-21,-390
KD00379,2021-05-31,609
KD00379,2021-06-08,30
KD00379,2021-06-18,-29
KD01822,2020-08-20,67
KD01822,2020-09-11,2465
KD01822,2020-11-13,7
KD01822,2020-11-24,19
KD01822,2020-12-03,22
KD01822,2021-02-16,566
KD01822,2021-03-23,32
301411,2020-07-06,1113
301411,2020-07-13,1989
301411,2020-07-20,1193
301411,2020-08-10,391
301411,2020-08-17,833
301411,2020-09-09,8407
301411,2020-09-16,2456
301411,2020-09-30,435
301411,2020-10-05,5068
301411,2020-10-12,5937
301411,2020-10-19,461
301411,2020-10-26,3490
301411,2020-11-02,816
301411,2020-11-09,1188
301411,2020-11-16,198
301411,2020-11-23,1555
301411,2020-11-30,4650
301411,2020-12-14,4262
301411,2020-12-21,2586
301411,2020-12-28,3611
301411,2021-01-04,1140
301411,2021-01-18,2416
301411,2021-01-19,6295
301411,2021-01-25,4036
301411,2021-01-27,-30
301411,2021-02-08,253
301411,2021-02-24,816
301411,2021-03-01,1090
301411,2021-03-08,466
301411,2021-03-15,1133
301411,2021-03-22,1784
301411,2021-03-24,1254
301411,2021-04-12,190
301411,2021-04-19,816
301411,2021-05-03,4431
301411,2021-05-10,4940
301411,2021-05-17,2921
301411,2021-05-31,200
301411,2021-06-02,525
301411,2021-06-07,7596
301411,2021-07-12,645
KD23032,2020-07-14,67
KD23032,2020-07-31,759
KD23032,2020-08-10,235
KD23032,2020-09-18,161
KD23032,2020-09-29,121
KD23032,2020-10-14,60
KD23032,2020-10-15,655
KD23032,2020-11-19,78
KD23032,2020-11-20,1170
KD23032,2020-12-09,47
KD23032,2020-12-16,302
KD23032,2020-12-17,78
KD23032,2020-12-28,224
KD23032,2021-01-07,-47
KD23032,2021-02-09,2762
KD23032,2021-03-23,1563
KD23032,2021-05-06,39
KD23032,2021-06-10,19
KD23032,2021-06-16,172
KD22697,2020-07-23,653
KD22697,2020-08-03,79
KD22697,2020-10-28,479
KD22697,2020-12-10,1095
KD22697,2021-02-16,155
KD22697,2021-02-25,900
KD22697,2021-04-26,619
310031,2020-08-05,1538
310031,2020-08-24,590
310031,2020-10-14,320
310031,2020-12-09,645
310031,2021-01-12,1523
310031,2021-02-04,265
310031,2021-02-24,264
310031,2021-04-08,189
310031,2021-05-05,151
310031,2021-06-02,99
KD25885,2020-07-06,282
KD25885,2020-08-05,628
KD25885,2020-08-18,600
KD25885,2020-08-25,300
KD25885,2020-08-26,545
KD25885,2020-09-01,197
KD25885,2020-09-04,168
KD25885,2020-09-15,7165
KD25885,2020-09-25,295
KD25885,2020-09-28,118
KD25885,2020-10-02,459
KD25885,2020-10-08,16
KD25885,2020-10-16,279
KD25885,2020-10-19,481
KD25885,2020-10-20,151
KD25885,2020-10-28,307
KD25885,2020-11-02,502
KD25885,2020-11-05,197
KD25885,2020-11-09,-45
KD25885,2020-11-11,56
KD25885,2020-11-16,197
KD25885,2020-11-24,334
KD25885,2020-12-07,100
KD25885,2020-12-08,25
KD25885,2020-12-10,362
KD25885,2020-12-21,197
KD25885,2021-01-08,457
KD25885,2021-01-27,439
KD25885,2021-01-28,90
KD25885,2021-02-02,-50
KD25885,2021-02-19,-90
KD25885,2021-02-24,1202
KD25885,2021-02-25,1760
KD25885,2021-03-04,231
KD25885,2021-03-26,626
KD25885,2021-04-13,295
KD25885,2021-04-22,370
KD25885,2021-04-28,220
KD25885,2021-04-29,110
KD25885,2021-05-20,90
KD25885,2021-05-28,648
KD25885,2021-06-14,337
KD25885,2021-07-13,45
KD26601,2020-07-08,798
KD26601,2020-07-15,1441
KD26601,2020-07-22,737
KD26601,2020-08-05,838
KD26601,2020-08-12,1190
KD26601,2020-08-18,-96
KD26601,2020-08-19,196
KD26601,2020-08-21,-270
KD26601,2021-03-30,1104
KD26601,2021-04-28,198
KD26601,2021-07-14,205
KD14685,2020-07-06,30
KD14685,2020-07-07,88
KD14685,2020-08-11,2
KD14685,2020-08-13,30
KD14685,2020-08-17,19
KD14685,2020-08-26,17
KD14685,2020-09-01,7
KD14685,2020-09-14,80
KD14685,2020-09-15,24
KD14685,2020-09-17,38
KD14685,2020-09-18,20
KD14685,2020-09-24,44
KD14685,2020-09-28,16
KD14685,2020-09-30,16
KD14685,2020-10-13,54
KD14685,2020-10-21,1
KD14685,2020-10-28,92
KD14685,2020-10-29,3
KD14685,2020-11-09,6
KD14685,2020-11-19,43
KD14685,2020-11-25,5
KD14685,2020-11-27,29
KD14685,2020-12-09,37
KD14685,2021-01-20,30
KD14685,2021-01-29,126
KD14685,2021-02-18,2
KD14685,2021-03-02,6
KD14685,2021-03-05,10
KD14685,2021-05-26,52
KD20654,2020-10-13,94
KD20654,2021-01-14,2365
KD20654,2021-01-19,830
KD20654,2021-02-19,1534
KD20654,2021-02-23,393
KD20654,2021-03-23,44
KD20654,2021-04-19,70
KD25100,2020-10-07,1814
KD25100,2020-10-28,748
KD25100,2020-12-22,96
KD25100,2021-01-14,330
KD25100,2021-01-18,110
KD25100,2021-05-10,75
119001,2020-07-03,81
119001,2020-07-07,36
119001,2020-07-28,1343
119001,2020-08-18,80
119001,2020-09-08,56
119001,2020-09-14,40
119001,2020-09-21,86
119001,2020-09-22,33
119001,2020-09-29,22
119001,2020-10-09,70
119001,2020-10-27,1002
119001,2020-11-03,43
119001,2020-11-26,145
119001,2020-12-09,122
119001,2020-12-10,100
119001,2020-12-11,168
119001,2020-12-14,-78
119001,2020-12-15,33
119001,2020-12-30,17
119001,2021-01-12,357
119001,2021-01-15,65
119001,2021-01-18,4
119001,2021-01-21,-33
119001,2021-01-27,33
119001,2021-03-09,43
119001,2021-03-16,412
119001,2021-03-19,3
119001,2021-05-04,81
KD01773,2020-08-04,29
KD01773,2020-09-11,612
KD01773,2020-09-17,331
KD01773,2020-09-22,-331
KD01773,2020-10-02,612
KD01773,2020-12-14,95
KD01773,2021-01-08,306
KD01773,2021-01-13,459
KD01773,2021-03-05,176
KD01773,2021-03-15,729
KD01773,2021-03-19,91
KD01773,2021-03-23,729
KD01773,2021-03-25,153
KD01773,2021-04-23,25
KD01773,2021-04-30,83
KD01773,2021-05-10,26
KD01773,2021-05-27,91
351831,2020-07-02,7267
351831,2020-07-10,2400
351831,2020-07-16,3585
351831,2020-07-23,17
351831,2020-07-30,4131
351831,2020-08-03,-88
351831,2020-08-04,0
351831,2020-08-11,2400
351831,2020-08-13,11266
351831,2020-08-20,100
351831,2020-08-27,12103
351831,2020-09-02,330
351831,2020-09-10,3200
351831,2020-09-24,3619
351831,2020-10-08,641
351831,2020-10-15,15
351831,2020-10-22,56
351831,2020-10-23,15300
351831,2020-11-05,2925
351831,2020-11-12,3200
351831,2020-11-19,21449
351831,2020-12-03,20816
351831,2020-12-18,178
351831,2020-12-28,5980
351831,2021-01-07,6067
351831,2021-01-21,5229
351831,2021-01-28,670
351831,2021-01-29,33
351831,2021-02-04,64828
351831,2021-02-15,148
351831,2021-02-18,673
351831,2021-02-23,2333
351831,2021-03-04,11293
351831,2021-03-09,132
351831,2021-03-18,21162
351831,2021-03-22,287
351831,2021-03-25,135
351831,2021-04-15,148
351831,2021-04-19,90
351831,2021-04-29,137
351831,2021-05-12,18583
351831,2021-05-26,178
351831,2021-05-27,7760
351831,2021-05-31,-1210
351831,2021-06-02,1964
351831,2021-06-10,400
351831,2021-07-08,148
KD23244,2020-07-06,410
KD23244,2020-07-14,119
KD23244,2020-07-16,370
KD23244,2020-07-17,255
KD23244,2020-08-13,158
KD23244,2020-08-26,787
KD23244,2020-09-04,373
KD23244,2020-09-07,220
KD23244,2020-09-22,172
KD23244,2020-09-23,39
KD23244,2020-10-06,86
KD23244,2020-10-23,600
KD23244,2020-11-17,212
KD23244,2020-11-20,256
KD23244,2021-01-05,159
KD23244,2021-01-21,259
KD23244,2021-01-28,65
KD23244,2021-02-24,137
KD23244,2021-03-09,39
KD23244,2021-03-31,165
KD23244,2021-04-08,30
KD23244,2021-05-04,195
KD23244,2021-05-18,46
KD23244,2021-06-08,191
151601,2020-07-02,517
151601,2020-07-08,14
151601,2020-07-13,19
151601,2020-07-16,126
151601,2020-07-22,28
151601,2020-07-27,76
151601,2020-07-29,2276
151601,2020-07-31,248
151601,2020-08-05,3301
151601,2020-08-12,42
151601,2020-08-13,370
151601,2020-08-19,714
151601,2020-08-20,191
151601,2020-08-27,564
151601,2020-09-02,2613
151601,2020-09-03,77
151601,2020-09-04,295
151601,2020-09-09,606
151601,2020-09-14,289
151601,2020-09-21,110
151601,2020-09-24,16
151601,2020-10-01,170
151601,2020-10-07,576
151601,2020-10-09,293
151601,2020-10-14,76
151601,2020-10-15,170
151601,2020-10-21,459
151601,2020-10-26,194
151601,2020-10-28,414
151601,2020-11-04,2619
151601,2020-11-11,111
151601,2020-11-13,-111
151601,2020-11-25,361
151601,2020-11-26,146
151601,2020-11-27,54
151601,2020-12-02,3579
151601,2020-12-09,610
151601,2020-12-10,132
151601,2020-12-14,45
151601,2020-12-15,48
151601,2021-01-06,76
151601,2021-01-20,315
151601,2021-01-27,378
151601,2021-02-17,48
151601,2021-02-24,560
151601,2021-03-03,85
151601,2021-03-10,472
151601,2021-03-11,1351
151601,2021-03-16,76
151601,2021-03-17,76
151601,2021-03-30,479
151601,2021-04-07,149
151601,2021-04-14,93
151601,2021-04-28,112
151601,2021-04-30,475
151601,2021-05-05,382
151601,2021-05-11,21
151601,2021-05-26,221
151601,2021-06-01,443
151601,2021-06-09,186
151601,2021-06-11,472
151601,2021-06-16,593
151601,2021-07-02,334
151601,2021-07-12,-101
KD01937,2020-08-18,720
KD01937,2020-08-27,581
KD01937,2020-09-02,1621
KD01937,2020-09-16,168
KD01937,2020-10-02,603
KD01937,2020-10-14,320
KD01937,2020-10-20,242
KD01937,2020-10-26,7
KD01937,2020-11-17,389
KD01937,2020-11-20,28
KD01937,2020-11-27,146
KD01937,2020-12-02,23
KD01937,2020-12-08,572
KD01937,2020-12-18,572
KD01937,2020-12-22,162
KD01937,2021-01-08,940
KD01937,2021-01-20,2425
KD01937,2021-01-25,1341
KD01937,2021-01-29,281
KD01937,2021-02-12,1575
KD01937,2021-04-12,1940
KD01937,2021-04-20,370
KD01937,2021-05-07,672
KD01937,2021-05-11,118
KD01937,2021-05-14,143
KD01937,2021-06-02,34
KD02118,2020-07-22,960
KD02118,2020-09-03,94
KD02118,2020-09-21,2290
KD02118,2020-10-07,537
KD02118,2020-11-19,98
KD02118,2021-02-01,528
KD02118,2021-03-29,1200
KD02118,2021-04-29,311
KD02092,2020-07-16,1080
KD02092,2020-07-29,734
KD02092,2020-08-10,540
KD02092,2020-09-01,800
KD02092,2020-09-14,507
KD02092,2020-09-24,1646
KD02092,2020-09-28,106
KD02092,2020-10-08,4158
KD02092,2020-10-13,4009
KD02092,2020-11-06,421
KD02092,2020-12-07,4747
KD02092,2020-12-22,234
KD02092,2021-01-07,-4
KD02092,2021-02-01,666
KD02092,2021-02-10,3540
KD02092,2021-03-17,858
KD02092,2021-04-19,1560
KD02092,2021-04-20,650
KD02092,2021-04-29,185
KD23159,2020-07-16,311
KD23159,2020-08-12,89
KD23159,2020-08-14,52
KD23159,2020-09-10,1865
KD23159,2020-10-01,1780
KD23159,2020-11-16,144
KD23159,2020-11-23,144
KD23159,2020-12-10,3268
KD23159,2020-12-14,-1643
KD23159,2020-12-17,932
KD23159,2021-01-22,86
KD23159,2021-02-19,99
KD23159,2021-02-25,932
KD23159,2021-03-26,99
KD23159,2021-06-10,99
KD23159,2021-07-08,99
KD01924,2020-07-16,354
KD01924,2020-07-31,685
KD01924,2020-09-11,1144
KD01924,2020-09-18,520
KD01924,2020-09-23,147
KD01924,2020-09-30,109
KD01924,2020-10-06,5197
KD01924,2020-10-27,1600
KD01924,2020-11-26,916
KD01924,2020-12-07,80
KD01924,2020-12-08,600
KD01924,2020-12-14,150
KD01924,2021-01-06,90
KD01924,2021-01-14,80
KD01924,2021-01-26,1200
KD01924,2021-01-27,530
KD01924,2021-02-01,100
KD01924,2021-02-24,85
KD01924,2021-03-05,2040
KD01924,2021-03-08,2264
KD01924,2021-03-23,120
KD01924,2021-03-29,1279
KD01924,2021-03-30,1357
KD01924,2021-05-04,4038
KD01924,2021-06-04,725
KD01697,2020-07-06,1812
KD01697,2020-07-20,3347
KD01697,2020-08-03,4681
KD01697,2020-08-07,273
KD01697,2020-08-13,195
KD01697,2020-08-17,3062
KD01697,2020-08-31,726
KD01697,2020-09-14,2631
KD01697,2020-10-08,222
KD01697,2020-10-12,3232
KD01697,2020-11-03,293
KD01697,2020-11-09,3247
KD01697,2020-11-16,135
KD01697,2020-11-23,2852
KD01697,2020-12-07,3119
KD01697,2020-12-15,132
KD01697,2020-12-21,1104
KD01697,2021-02-08,1391
KD01697,2021-02-22,240
KD01697,2021-03-22,1420
KD01697,2021-03-24,314
KD01697,2021-04-06,553
KD01697,2021-04-12,206
KD01697,2021-04-26,31
KD01697,2021-05-03,1655
KD01697,2021-05-05,68
KD01697,2021-05-07,252
KD01697,2021-05-17,97
KD01697,2021-06-28,1666
KD01697,2021-07-12,31
KD23173,2020-07-10,3878
KD23173,2020-07-16,15462
KD23173,2020-07-22,2400
KD23173,2020-10-08,94
KD23173,2020-10-09,11851
KD23173,2020-10-14,9277
KD23173,2020-11-27,7700
KD23173,2020-12-08,52296
KD23173,2021-04-14,5220
KD23173,2021-06-11,99
111221,2020-07-22,490
111221,2020-07-24,352
111221,2020-09-16,371
111221,2020-10-02,65
111221,2020-11-11,1018
111221,2020-12-09,2182
111221,2021-02-10,1250
111221,2021-03-03,166
111221,2021-04-07,549
111221,2021-04-09,120
111221,2021-05-26,581
KD26299,2020-07-07,207
KD26299,2020-07-17,442
KD26299,2020-07-31,3666
KD26299,2020-08-05,361
KD26299,2020-08-19,608
KD26299,2020-09-02,16485
KD26299,2020-09-04,5277
KD26299,2020-09-07,257
KD26299,2020-09-10,970
KD26299,2020-09-25,552
KD26299,2020-10-06,1100
KD26299,2020-10-08,721
KD26299,2020-10-22,91
KD26299,2020-10-30,552
KD26299,2020-11-05,729
KD26299,2020-11-11,732
KD26299,2020-12-07,586
KD26299,2021-01-05,552
KD26299,2021-01-20,862
KD26299,2021-01-26,278
KD26299,2021-02-01,348
KD26299,2021-02-08,558
KD26299,2021-02-12,552
KD26299,2021-02-24,254
KD26299,2021-03-10,552
KD26299,2021-04-06,552
KD26299,2021-04-29,456
KD26299,2021-05-17,-228
KD26299,2021-05-19,552
KD26299,2021-06-09,552
KD26299,2021-07-12,192
KD26299,2021-07-16,38
OKD00648,2020-08-03,75
OKD00648,2020-08-10,52
OKD00648,2020-09-21,92
OKD00648,2020-09-29,51
OKD00648,2020-10-08,60
OKD00648,2020-10-19,70
OKD00648,2020-11-02,74
OKD00648,2020-11-05,120
OKD00648,2020-11-17,111
OKD00648,2020-11-26,47
OKD00648,2020-11-30,43
OKD00648,2020-12-02,49
OKD00648,2020-12-09,112
OKD00648,2020-12-21,200
OKD00648,2021-01-07,92
OKD00648,2021-01-18,271
OKD00648,2021-01-27,101
OKD00648,2021-02-09,169
OKD00648,2021-02-18,209
OKD00648,2021-03-02,212
OKD00648,2021-03-10,101
OKD00648,2021-03-16,134
OKD00648,2021-04-19,79
OKD00648,2021-05-03,87
OKD00648,2021-05-20,113
141631,2020-08-14,909
141631,2020-09-07,547
141631,2020-10-12,509
141631,2020-11-09,496
141631,2020-11-13,87
141631,2020-11-30,36
141631,2020-12-09,1340
141631,2021-02-22,1661
141631,2021-03-08,182
141631,2021-05-10,888
KD08258,2020-07-24,9630
KD08258,2020-08-12,6586
KD08258,2020-09-07,3486
KD08258,2020-10-14,3114
KD08258,2020-10-29,3181
KD08258,2020-11-20,1846
KD08258,2021-03-17,1492
KD08258,2021-04-23,2308
KD08258,2021-06-23,2366
KD02938,2020-08-07,44
KD02938,2020-08-10,995
KD02938,2020-08-18,119
KD02938,2020-08-26,119
KD02938,2020-10-07,1368
KD02938,2020-10-08,1370
KD02938,2020-10-09,3200
KD02938,2020-10-26,88
KD02938,2020-11-02,3200
KD02938,2020-11-10,4500
KD02938,2020-11-13,9874
KD02938,2020-11-23,190
KD02938,2020-12-03,1368
KD02938,2020-12-07,1368
KD02938,2020-12-10,494
KD02938,2021-02-24,2664
KD02938,2021-03-08,380
KD02938,2021-03-24,7080
KD02938,2021-03-29,418
KD02938,2021-04-12,570
KD02938,2021-06-10,912
KD02938,2021-07-01,912
185651,2020-07-06,133
185651,2020-07-24,367
185651,2020-08-14,172
185651,2020-08-28,102
185651,2020-09-25,332
185651,2020-10-01,148
185651,2020-10-05,11
185651,2020-10-16,341
185651,2020-11-06,69
185651,2020-12-02,11
185651,2020-12-07,190
185651,2021-01-08,113
185651,2021-01-19,140
185651,2021-02-10,149
185651,2021-03-02,151
185651,2021-03-08,172
185651,2021-03-30,127
185651,2021-04-07,72
185651,2021-04-14,19
185651,2021-05-05,188
185651,2021-05-17,12
185651,2021-06-08,90
KD22058,2020-07-21,54
KD22058,2020-07-27,225
KD22058,2020-09-09,11660
KD22058,2020-09-11,3884
KD22058,2020-09-22,108
KD22058,2020-09-29,7063
KD22058,2020-10-05,2000
KD22058,2020-10-07,2000
KD22058,2020-10-12,108
KD22058,2020-10-20,2000
KD22058,2020-10-23,2800
KD22058,2020-10-28,2800
KD22058,2020-11-09,108
KD22058,2020-11-19,31080
KD22058,2020-11-30,3344
KD22058,2020-12-02,1140
KD22058,2020-12-18,95
KD22058,2020-12-21,912
KD22058,2021-03-01,1140
KD22058,2021-03-08,1140
KD22058,2021-03-15,1140
KD22058,2021-04-21,1080
KD22058,2021-04-30,152
KD22058,2021-05-05,1140
KD22058,2021-06-22,1140
KD22058,2021-07-09,74
231201,2020-09-11,3720
231201,2020-09-21,5320
231201,2020-09-23,560
231201,2020-10-01,656
231201,2020-10-02,10500
231201,2020-10-08,14268
231201,2020-11-11,11340
231201,2020-11-13,3915
231201,2020-11-17,3888
231201,2020-12-23,2592
231201,2021-01-06,566
231201,2021-02-01,7200
231201,2021-02-23,10294
231201,2021-02-26,968
231201,2021-03-15,4720
231201,2021-03-17,26
231201,2021-04-26,1180
231201,2021-04-27,968
231201,2021-04-30,968
231201,2021-05-05,-968
231201,2021-05-06,2360
231201,2021-05-27,1416
231201,2021-06-30,100
231201,2021-07-15,440
KD28496,2020-10-21,110
KD28496,2020-12-15,221
KD28496,2021-03-02,861
KD28496,2021-03-15,43
KD28496,2021-03-25,108
KD28496,2021-04-12,11
KD28496,2021-04-23,460
KD28496,2021-05-10,180
KD28496,2021-05-11,8